url,name,address,city,state,phone
https://theemeraldedge.com/,Results,,Valley Springs,SD,(888) 963-3033
https://dakotaaccounting.com/,Results,"5010 S Minnesota Ave, Sioux Falls, SD 57108",Sioux Falls,SD,(605) 900-0140
http://www.numbersandsuchprofllc.com/,Results,"1510 E 1st St, Tea, SD 57064",Tea,SD,(605) 595-5315
https://www.solution.cpa/,Results,"5011 E Rosa Parks Pl, Sioux Falls, SD 57110",Sioux Falls,SD,(605) 480-9500
http://www.dakotaaccounting.com/,Results,"5010 S Minnesota Ave, Sioux Falls, SD 57108",Sioux Falls,SD,(605) 900-0140
http://dakota.cpa/,Results,"5617 S Southeastern Ave, Sioux Falls, SD 57108",Sioux Falls,SD,(605) 705-6350
http://www.nelsoncpas.com/,Results,"1701 S Minnesota Ave, Sioux Falls, SD 57105",Sioux Falls,SD,(605) 336-1988
http://www.compass-tax.com/,Results,"620 W 18th St, Sioux Falls, SD 57104",Sioux Falls,SD,(605) 332-5255
http://www.degrootcpa.com/,Results,"3204 S Madelyn Ln, Sioux Falls, SD 57106",Sioux Falls,SD,(605) 338-6653
http://www.goodlife-bookkeeping.com/,Results,,Valley Springs,SD,(605) 368-1789
https://www.eidebailly.com/locations/sioux-falls,Results,"345 N Reid Pl #400, Sioux Falls, SD 57103",Sioux Falls,SD,(605) 339-1999
https://www.taxconsultantsinc.net/,Results,"1600 W 12th St, Sioux Falls, SD 57104",Sioux Falls,SD,(605) 275-4002
https://www.debergtax.com/,Results,"3400 S Duluth Ave, Sioux Falls, SD 57105",Sioux Falls,SD,(605) 333-0093
http://www.sdcpa.org/,Results,"5024 S Bur Oak Pl #108, Sioux Falls, SD 57108",Sioux Falls,SD,(605) 334-3848
https://www.cpahhh.com/,Results,"4501 W Homefield Dr, Sioux Falls, SD 57106",Sioux Falls,SD,(605) 361-1333
https://sjaardabookkeeping.com/,Results,,Valley Springs,SD,(605) 610-8854
https://www.mcginnisco.cpa/?utm_source=google&utm_medium=google_business_profile+&utm_campaign=website_click+,Results,"301 E 14th St Unit 100, Sioux Falls, SD 57104",Sioux Falls,SD,(605) 338-1932
https://www.elocpa.com/,Results,"6300 S Old Village Pl Unit 100, Sioux Falls, SD 57108",Sioux Falls,SD,(605) 271-1302
http://www.hbt.cpa/,Results,,Valley Springs,SD,(605) 305-5450
http://www.caseypeterson.com/,Results,"909 St Joseph St Ste 101, Rapid City, SD 57701",Rapid City,SD,(605) 348-1930
http://www.enszcpa.com/,Results,"3720 S Kiwanis Ave, Sioux Falls, SD 57105",Sioux Falls,SD,(605) 339-1777
http://www.valleycitycpa.com/,Results,"100 Central Ave S, Valley City, ND 58072",Valley City,ND,(701) 845-1457
http://kmwfcpa.com/,Results,"6009 S Sharon Ave #101, Sioux Falls, SD 57108",Sioux Falls,SD,(605) 336-7213
http://www.trucountcpa.com/,Results,"2301 Research Park Way #208, Brookings, SD 57006",Brookings,SD,(866) 936-8024
http://www.innovativeaccountingandtax.com/,Results,,Valley Springs,SD,(605) 610-5725
