url,name,address,city,state,phone
http://ebelheard.com/,Results,"1320 E, Rushmore Dr # 108, Brandon, SD 57005",Brandon,SD,(605) 582-1208
https://www.hrblock.com/tax-office-near-me/south-dakota/brandon/31638/?otppartnerid=9308&campaignid=pw_mcm_9308_9762&utm_medium=local,Results,"238 E Holly Blvd, Brandon, SD 57005",Brandon,SD,(605) 582-8781
http://www.midwestledgers.com/,Results,"400 S Sycamore Ave Ste 104-8, Sioux Falls, SD 57110",Sioux Falls,SD,(605) 501-4541
http://dakota.cpa/,Results,"5617 S Southeastern Ave, Sioux Falls, SD 57108",Sioux Falls,SD,(605) 705-6350
http://www.busscpa.us/,Results,"800 S Western Ave Ste B, Hartford, SD 57033",Hartford,SD,(605) 789-7555
https://theemeraldedge.com/,Results,,Brandon,SD,(888) 963-3033
https://dakotaaccounting.com/,Results,"5010 S Minnesota Ave, Sioux Falls, SD 57108",Sioux Falls,SD,(605) 900-0140
http://www.dakotaaccounting.com/,Results,"5010 S Minnesota Ave, Sioux Falls, SD 57108",Sioux Falls,SD,(605) 900-0140
https://wlbuck.com/,Results,"545 Pacific Ave, Brandon, MB R7A 0H7, Canada",MB R7A 0H7,Canada,+1 204-727-1022
https://www.mcginnisco.cpa/?utm_source=google&utm_medium=google_business_profile+&utm_campaign=website_click+,Results,"301 E 14th St Unit 100, Sioux Falls, SD 57104",Sioux Falls,SD,(605) 338-1932
https://www.cpahhh.com/,Results,"4501 W Homefield Dr, Sioux Falls, SD 57106",Sioux Falls,SD,(605) 361-1333
http://www.compass-tax.com/,Results,"620 W 18th St, Sioux Falls, SD 57104",Sioux Falls,SD,(605) 332-5255
http://www.tampaea.com/,Results,"115 N Pinewood Ave, Brandon, FL 33510",Brandon,FL,(813) 684-1367
https://saltandlightcpa.com/slg-cpa,Results,"316 N Main St, Mitchell, SD 57301",Mitchell,SD,(605) 550-0791
http://www.divinebookkeepingsolutions.com/,Results,,Brandon,SD,(605) 553-5609
https://www.elocpa.com/,Results,"6300 S Old Village Pl Unit 100, Sioux Falls, SD 57108",Sioux Falls,SD,(605) 271-1302
http://www.sdcpa.org/,Results,"5024 S Bur Oak Pl #108, Sioux Falls, SD 57108",Sioux Falls,SD,(605) 334-3848
https://www.debergtax.com/,Results,"3400 S Duluth Ave, Sioux Falls, SD 57105",Sioux Falls,SD,(605) 333-0093
http://kmwfcpa.com/,Results,"6009 S Sharon Ave #101, Sioux Falls, SD 57108",Sioux Falls,SD,(605) 336-7213
http://www.hbt.cpa/,Results,,Brandon,SD,(605) 305-5450
http://www.wrccpa.com/,Results,"207 Douglas Ave, Yankton, SD 57078",Yankton,SD,(605) 665-4401
http://www.caseypeterson.com/,Results,"909 St Joseph St Ste 101, Rapid City, SD 57701",Rapid City,SD,(605) 348-1930
http://www.elocpa.com/,Results,"1820 N Sanborn Blvd, Mitchell, SD 57301",Mitchell,SD,(605) 996-7717
http://www.nelsoncpas.com/,Results,"1701 S Minnesota Ave, Sioux Falls, SD 57105",Sioux Falls,SD,(605) 336-1988
https://www.redstoneinsurancebrokers.com/,Results,"304 S Splitrock Blvd, Brandon, SD 57005",Brandon,SD,(605) 524-2447
http://www.trucountcpa.com/,Results,"2301 Research Park Way #208, Brookings, SD 57006",Brookings,SD,(866) 936-8024
https://www.solution.cpa/,Results,"5011 E Rosa Parks Pl, Sioux Falls, SD 57110",Sioux Falls,SD,(605) 480-9500
https://www.taxconsultantsinc.net/,Results,"1600 W 12th St, Sioux Falls, SD 57104",Sioux Falls,SD,(605) 275-4002
